,Epoch,First Head Loss,Second Head Loss
0,1,-0.062855213880539,-5.31455661985092E-05
1,2,-0.194604709744453,-0.018217708915472
2,3,-0.138843968510628,-0.0924027338624
3,4,-0.014829168096185,-0.172978475689888
4,5,-0.305718809366226,-0.211887344717979
5,6,-0.331486701965332,-0.240024328231812
6,7,-0.443297863006592,-0.247187942266464
7,8,-0.386600822210312,-0.348636239767075
8,9,-0.473545074462891,-0.412476450204849
9,10,-0.480906754732132,-0.435517638921738
