,Epoch,First Head Loss,Second Head Loss
0,1,-0.04820553585886955,-7.43581258575432e-05
1,2,-0.1855793297290802,-0.006513192784041166
2,3,-0.196298286318779,-0.05832536891102791
3,4,-0.24023939669132233,-0.145585298538208
4,5,-0.3844476342201233,-0.2248842567205429
5,6,-0.3406541347503662,-0.2635740637779236
